billilngCountry,billingFirstName,billingLastName,billingCompany,billingAddress,billingAddress2,billingPostcode,billingCity,billingPhone,billingEmail
CU,Concettina,Malinson,Quamba,7 South Parkway,Room 1815,,Guanabacoa,747-181-2775,cmalinson0@jalbum.net
PT,Lilllie,Orbon,Realmix,6603 Miller Way,PO Box 47796,3400-759,Vila Pouca da Beira,485-614-5873,lorbon1@bbb.org
CN,Emylee,Lazonby,Youspan,8 High Crossing Road,Apt 1540,,Jiandou,568-987-7671,elazonby2@amazon.com
AM,Stefanie,Pleat,Browsebug,68 Almo Avenue,Suite 21,,Malishka,613-189-1414,spleat3@sbwire.com
EE,Lauritz,Bilton,Babbleopia,507 Garrison Center,PO Box 19382,,Tartu,907-582-6756,lbilton4@infoseek.co.jp
